defect_id,upstream_report_url,status
D1,,missing-in-current-rq1-material
D2-I,,missing-in-current-rq1-material
D2-T,,missing-in-current-rq1-material
D3,,missing-in-current-rq1-material
D4-I,,missing-in-current-rq1-material
D4-T,,missing-in-current-rq1-material
D5-I-WD,,missing-in-current-rq1-material
D5-I-WS,,missing-in-current-rq1-material
D5-I-WUS,,missing-in-current-rq1-material
D5-T-WD,,missing-in-current-rq1-material
D5-T-WS,,missing-in-current-rq1-material
D5-T-WUS,,missing-in-current-rq1-material
D6,,missing-in-current-rq1-material
D7,,missing-in-current-rq1-material
D9,,missing-in-current-rq1-material
D10,,missing-in-current-rq1-material
D11,,missing-in-current-rq1-material
D12,,missing-in-current-rq1-material
D13,,missing-in-current-rq1-material
D14,,missing-in-current-rq1-material
D15,,missing-in-current-rq1-material
D16,,missing-in-current-rq1-material
D17,,missing-in-current-rq1-material
D18,,missing-in-current-rq1-material
D19,,missing-in-current-rq1-material
D20,,missing-in-current-rq1-material
D27,,missing-in-current-rq1-material
